{
  "$schema": "http://schema.management.azure.com/schemas/2015-01-01/deploymentParameters.json#",
  "contentVersion": "1.0.0.0",
  "parameters": {
    "dnsName": {
      "value": "giottopublic"
    },
    "storageAccount": {
      "value": "giottopublic"
    },
    "virtualNetworkName": {
      "value": "vnet"
    },
    "feSubnetName": {
      "value": "DMZ"
    },
    "dbSubnetName": {
      "value": "Data"
    },
    "mysqlPassword": {
      "value": "Almaviva1"
    },
    "vmName1": {
      "value": "ActiveMQ1"
    },
    "vmIP1": {
      "value": "10.0.1.5"
    },
    "vmName2": {
      "value": "ActiveMQ2"
    },
    "vmIP2": {
      "value": "10.0.1.6"
    },
    "vmName3": {
      "value": "ESB"
    },
    "vmIP3": {
      "value": "10.0.1.7"
    },
    "vmName4": {
      "value": "CEP"
    },
    "vmIP4": {
      "value": "10.0.1.8"
    },
    "vmName5": {
      "value": "IS"
    },
    "vmIP5": {
      "value": "10.0.1.9"
    },
    "vmName6": {
      "value": "MYSQL"
    },
    "vmIP6": {
      "value": "10.0.2.10"
    },
    "vmName7": {
      "value": "ElM01"
    },
    "vmIP7": {
      "value": "10.0.2.20"
    },  
   "vmName8": {
      "value": "ELM02-D"
    },
    "vmIP8": {
      "value": "10.0.2.21"
    },  
    "vmName9": {
      "value": "ELM03-D"
    },
    "vmIP9": {
      "value": "10.0.2.22"
    },    
    "DiskDataGB": {
      "value": 1
    },
    "userName": {
      "value": "azureuser"
    },
    "password": {
      "value": "Almaviva1"
    },
    "vmNamePrefix": {
      "value": "GG"
    }
  }
}
